itemLabel,ICAO_airport_code,countryLabel,located_in_the_administrative_territorial_entityLabel,coordinate_location
Simon Bolivar International Airport,SKSM,Colombia,Santa Marta,Point(-74.23055556 11.11944444)
Minangkabau International Airport,WIPT,Indonesia,Padang Pariaman,Point(100.280555555 -0.786666666)
Queen Alia International Airport,OJAI,Jordan,Amman Governorate,Point(35.993333333 31.7225)
Chiang Mai International Airport,VTCC,Thailand,Suthep,Point(98.9625 18.766666666)
"Shiraz International Airport, Iran",OISS,Iran,Fars Province,Point(52.59 29.539166666)
San Jose International Airport,KSJC,United States of America,San Jose,Point(-121.929166666 37.362777777)
General Francisco J. Mujica International Airport,MMMM,Mexico,Michoacán,Point(-101.025277777 19.849722222)
Lubbock Preston Smith International Airport,KLBB,United States of America,Texas,Point(-101.820555555 33.663611111)
Isfahan International Airport,OIFM,Iran,Qahab-e Shomali Rural District,Point(51.861111111 32.750833333)
Jose Maria Cordova International Airport,SKRG,Colombia,Rionegro,Point(-75.426666666 6.167222222)
Kefalonia International Airport,LGKF,Greece,Argostoli,Point(20.500277777 38.12)
Rafael Núñez International Airport,SKCG,Colombia,Cartagena de Indias,Point(-75.512777777 10.442041666)
Kelowna International Airport,CYLW,Canada,British Columbia,Point(-119.378 49.9572)
Guiyang Longdongbao International Airport,ZUGY,People's Republic of China,Nanming District,Point(106.800833333 26.538611111)
Nanning Wuxu International Airport,ZGNN,People's Republic of China,Wuxu,Point(108.172441666 22.608266666)
Appleton International Airport,KATW,United States of America,Greenville,Point(-88.519166666 44.258055555)
Al Maktoum International Airport,OMDW,United Arab Emirates,Jebel Ali,Point(55.172222222 24.886111111)
Leipzig/Halle Airport,EDDP,Germany,Schkeuditz,Point(12.236388888 51.423888888)
Kyiv Zhuliany International Airport,UKKK,Ukraine,Solomianka Raion,Point(30.451666666 50.401666666)
Ufa International Airport,UWUU,Russia,Bashkortostan,Point(55.874166666 54.5575)
San Luis Potosi International Airport,MMSP,Mexico,San Luis Potosi,Point(-100.930833333 22.254444444)
Seychelles International Airport,FSIA,Seychelles,,Point(55.521852777 -4.674344444)
Gustavo Rojas Pinilla International Airport,SKSP,Colombia,San Andres,Point(-81.711111111 12.583611111)
Quatro de Fevereiro Airport,FNLU,Angola,Luanda,Point(13.231194444 -8.858083333)
Zamboanga International Airport,RPMZ,Philippines,Zamboanga City,Point(122.059633333 6.922419444)
Federico Fellini International Airport,LIPR,Italy,Rimini,Point(12.609444444 44.019444444)
Cologne Bonn Airport,EDDK,Germany,Cologne,Point(7.12254 50.87826)
Khartoum International Airport,HSSS,Sudan,Khartoum,Point(32.553161111 15.589497222)
Ushuaia – Malvinas Argentinas International Airport,SAWH,Argentina,Ushuaia,Point(-68.3123 -54.8396)
Halifax Stanfield International Airport,CYHZ,Canada,Enfield,Point(-63.5103 44.8797)
Missoula International Airport,KMSO,United States of America,Montana,Point(-114.090555555 46.916388888)
Dnipro International Airport,UKDD,Ukraine,Dnipropetrovsk Oblast,Point(35.093652777 48.367633333)
Guilin Liangjiang International Airport,ZGKL,People's Republic of China,Liangjiang,Point(110.039166666 25.218055555)
Ciudad del Carmen International Airport,MMCE,Mexico,,Point(-91.799545 18.651963)
Capital Region International Airport,KLAN,United States of America,Michigan,Point(-84.586194 42.778639)
Maceio-Zumbi dos Palmares International Airport,SBMO,Brazil,Alagoas,Point(-35.783611111 -9.517222222)
St. Petersburg–Clearwater International Airport,KPIE,United States of America,Pinellas County,Point(-82.6875 27.91)
Louis Armstrong New Orleans International Airport,KMSY,United States of America,Kenner,Point(-90.258055555 29.993333333)
Kunming Changshui International Airport,ZPPP,People's Republic of China,Dabanqiao Subdistrict,Point(102.92916667 25.10194444)
Chu Lai Airport,VVCA,Vietnam,Tam Kỳ,Point(108.705555555 15.406111111)
Cork Airport,EICK,Republic of Ireland,Ballyphehane,Point(-8.491111111 51.841388888)
Kyiv Zhuliany International Airport,UKKK,Ukraine,Zhuliany,Point(30.451666666 50.401666666)
"Athens International Airport ""Eleftherios Venizelos""",LGAV,Greece,Spata-Artemida Municipality,Point(23.944444444 37.936388888)
Carlos Rovirosa Perez International Airport,MMVA,Mexico,Tabasco,Point(-92.817222222 17.995)
Carriel Sur International Airport,SCIE,Chile,Talcahuano,Point(-73.063055555 -36.7725)
Ataturk International Airport,LTBA,Turkey,Bakırköy,Point(28.814166666 40.976111111)
Montreal–Pierre Elliott Trudeau International Airport,CYUL,Canada,Dorval,Point(-73.7408 45.4706)
Saskatoon John G. Diefenbaker International Airport,CYXE,Canada,Saskatchewan,Point(-106.7 52.1708)
Myrtle Beach International Airport,KMYR,United States of America,Horry County,Point(-78.928 33.68)
Grantley Adams International Airport,TBPB,Barbados,Seawell,Point(-59.4925 13.074722222)
Peoria International Airport,KPIA,United States of America,Illinois,Point(-89.693333333 40.664166666)
Dunedin International Airport,NZDN,New Zealand,Dunedin City,Point(170.198333333 -45.928055555)
Jose Maria Cordova International Airport,SKRG,Colombia,Antioquia Department,Point(-75.426666666 6.167222222)
Myrtle Beach International Airport,KMYR,United States of America,South Carolina,Point(-78.928 33.68)
Phu Bai International Airport,VVPB,Vietnam,North Central Coast,Point(107.702777777 16.401666666)
Faro Airport,LPFR,Portugal,Faro,Point(-7.965833333 37.014444444)
Zagreb Airport,LDZA,Croatia,Velika Gorica,Point(16.068888888 45.743055555)
Oakland International Airport,KOAK,United States of America,Oakland,Point(-122.220833333 37.721388888)
Zvartnots International Airport,UDYZ,Armenia,Zvartnots,Point(44.395833333 40.147222222)
Valley International Airport,KHRL,United States of America,Texas,Point(-97.655 26.227222222)
Sarasota–Bradenton International Airport,KSRQ,United States of America,Florida,Point(-82.554444444 27.395555555)
Silvio Pettirossi International Airport,SGAS,Paraguay,Luque,Point(-57.519166666 -25.239722222)
Crnl. FAP Francisco Secada Vignetta International Airport,SPQT,Peru,Iquitos,Point(-73.308611111 -3.784722222)
Siem Reap International Airport,VDSR,Cambodia,Siem Reap Province,Point(103.812777777 13.410555555)
Ramon Villeda Morales International Airport,MHLM,Honduras,Cortes Department,Point(-87.923611111 15.452777777)
Maceio-Zumbi dos Palmares International Airport,SBMO,Brazil,Maceio,Point(-35.783611111 -9.517222222)
Cataratas del Iguazú International Airport,SARI,Argentina,Misiones Province,Point(-54.47354 -25.73722)
Pittsburgh International Airport,KPIT,United States of America,Moon Township,Point(-80.256693 40.495997)
Halifax Stanfield International Airport,CYHZ,Canada,Nova Scotia,Point(-63.5103 44.8797)
Kadala Airport,UIAA,Russia,Zabaykalsky Krai,Point(113.305 52.026666666)
Chubu Centrair International Airport,RJGG,Japan,Tokoname,Point(136.805277777 34.858333333)
Hector International Airport,KFAR,United States of America,Fargo,Point(-96.815833333 46.920555555)
Istanbul Sabiha Gökçen International Airport,LTFJ,Turkey,Pendik,Point(29.309166666 40.898333333)
Harare International Airport,FVHA,Zimbabwe,Harare,Point(31.092847222 -17.931805555)
Can Tho International Airport,VVCT,Vietnam,Cần Thơ,Point(105.711944444 10.085277777)
Cleveland Hopkins International Airport,KCLE,United States of America,Ohio,Point(-81.849722222 41.411666666)
Ahvaz General Ghasem Soleimani International Airport,OIAW,Iran,Ahvaz,Point(48.76195 31.337430555)
Rafael Núñez International Airport,SKCG,Colombia,Bolivar Department,Point(-75.512777777 10.442041666)
Alejandro Velasco Astete International Airport,SPZO,Peru,Cusco,Point(-71.943611111 -13.535555555)
"Florence Airport, Peretola",LIRQ,Italy,Florence,Point(11.202777777 43.808611111)
Wuhan Tianhe International Airport,ZHHH,People's Republic of China,Tianhe Subdistrict,Point(114.208055555 30.783611111)
St. Petersburg–Clearwater International Airport,KPIE,United States of America,Pinellas County,Point(-82.69092 27.90699)
Key West International Airport,KEYW,United States of America,Key West,Point(-81.759444444 24.556111111)
Panama City–Bay County International Airport,KPFN,United States of America,Florida,Point(-85.682777777 30.212222222)
Hefei Xinqiao International Airport,ZSOF,People's Republic of China,Feixi County,Point(116.9641 31.9894)
Diego Aracena International Airport,SCDA,Chile,Iquique,Point(-70.181275 -20.535222222)
Ushuaia – Malvinas Argentinas International Airport,SAWH,Argentina,"Tierra del Fuego, Antarctica and South Atlantic Islands Province",Point(-68.3123 -54.8396)
Sulaimaniyah International Airport,ORSU,Iraq,Sulaymaniyah Governorate,Point(45.314444 35.560833)
Odesa International Airport,UKOO,Ukraine,Odesa,Point(30.678055555 46.426944444)
Mohammed V International Airport,GMMN,Morocco,Nouaceur Province,Point(-7.581667 33.364167)
San Pablo Airport,LEZL,Spain,Seville,Point(-5.898889 37.418056)
Milwaukee Mitchell International Airport,KMKE,United States of America,Milwaukee,Point(-87.896666666 42.947222222)
Ben Gurion Airport,LLBG,Israel,Central District,Point(34.882777777 32.009444444)
Cap. FAP Carlos Martinez de Pinillos International Airport,SPRU,Peru,Trujillo,Point(-79.108611111 -8.081388888)
Fort Lauderdale–Hollywood International Airport,KFLL,United States of America,Broward County,Point(-80.152777777 26.0725)
Sihanouk International Airport,VDSV,Cambodia,Prey Nob District,Point(103.636944444 10.58)
Hilo International Airport,PHTO,United States of America,Hilo,Point(-155.048333 19.725278)
Del Bajio International Airport,MMLO,Mexico,Silao Municipality,Point(-101.480833333 20.993333333)
Kigali International Airport,HRYR,Rwanda,Kigali province,Point(30.133056111 -1.966388888)
Lamezia Terme International Airport,LICA,Italy,Lamezia Terme,Point(16.242222222 38.905277777)
Charleston International Airport,KCHS,United States of America,South Carolina,Point(-80.040555555 32.898611111)
Sentani Airport,WAJJ,Indonesia,Jayapura,Point(140.5120913 -2.5764603)
Debrecen International Airport,LHDC,Hungary,Hajdú-Bihar County,Point(21.615277777 47.488888888)
Heydar Aliyev International Airport,UBBB,Azerbaijan,Baku,Point(50.046666666 40.4675)
Cat Bi International Airport,VVCI,Vietnam,Haiphong,Point(106.724722222 20.819166666)
Ashgabat International Airport,UTAA,Turkmenistan,Ahal Region,Point(58.360833333 37.986944444)
Portland International Airport,KPDX,United States of America,Portland,Point(-122.5975 45.588611111)
Tampere-Pirkkala Airport,EFTP,Finland,Pirkkala,Point(23.587777777 61.415277777)
Pune Airport,VAPO,India,Pune,Point(73.919722222 18.582222222)
General Ignacio Pesqueira Garcia International Airport,MMHO,Mexico,Hermosillo,Point(-111.047777777 29.095833333)
Julius Nyerere International Airport,HTDA,Tanzania,Dar es Salaam Region,Point(39.202777777 -6.878055555)
Osaka International Airport,RJOO,Japan,Toyonaka,Point(135.438222222 34.785527777)
Clark International Airport,RPLC,Philippines,Central Luzon,Point(120.559722222 15.185833333)
Jinan Yaoqiang International Airport,ZSJN,People's Republic of China,Licheng District,Point(117.216111111 36.857222222)
Agadir–Al Massira Airport,GMAD,Morocco,Agadir,Point(-9.411388888 30.3225)
Philip S. W. Goldson International Airport,MZBZ,Belize,Belize District,Point(-88.308333333 17.539166666)
Wellington International Airport,NZWN,New Zealand,Rongotai,Point(174.811682 -41.328969)
Teniente Benjamin Matienzo International Airport,SANT,Argentina,Tucumán Province,Point(-65.10472222 -26.84083333)
Il Caravaggio International Airport,LIME,Italy,Orio al Serio,Point(9.69948 45.66547)
La Romana International Airport,MDLR,Dominican Republic,La Romana,Point(-68.911657 18.451074)
Larnaca International Airport,LCLK,Cyprus,Larnaca,Point(33.630277777 34.878888888)
Antonio B. Won Pat International Airport,PGUM,United States of America,Barrigada,Point(144.797222222 13.483888888)
Varna Airport,LBWN,Bulgaria,Varna Province,Point(27.825277777 43.231944444)
Zurich Airport,LSZH,Switzerland,Canton of Zurich,Point(8.549166666 47.464722222)
Palmerston North International Airport,NZPM,New Zealand,Palmerston North,Point(175.616944444 -40.320555555)
Puerto Princesa International Airport,RPVP,Philippines,Western Visayas,Point(118.758611111 9.742222222)
Donetsk International Airport,UKCC,Ukraine,Donetsk Oblast,Point(37.742 48.069)
Košice International Airport,LZKZ,Slovakia,Košice-Barca,Point(21.241111111 48.663055555)
Fukuoka Airport,RJFF,Japan,Hakata-ku,Point(130.451666666 33.584444444)
Gran Canaria Airport,GCLP,Spain,Gran Canaria,Point(-15.386666666 27.931944444)
Sacramento International Airport,KSMF,United States of America,Sacramento,Point(-121.590833333 38.695555555)
Piarco International Airport,TTPP,Trinidad and Tobago,Piarco,Point(-61.337222222 10.595277777)
San Antonio International Airport,KSAT,United States of America,San Antonio,Point(-98.472 29.527)
Luxor International Airport,HELX,Egypt,Luxor,Point(32.706389 25.670833)
Václav Havel Airport Prague,LKPR,Czech Republic,Ruzyně,Point(14.26 50.100833333)
Salt Lake City International Airport,KSLC,United States of America,Salt Lake City,Point(-111.977777777 40.788333333)
Naples International Airport,LIRN,Italy,San Pietro a Patierno,Point(14.290833333 40.884444444)
Donetsk International Airport,UKCC,Ukraine,Donetsk,Point(37.742 48.069)
Pisa International Airport,LIRP,Italy,Pisa,Point(10.3925 43.683888888)
Mae Fah Luang – Chiang Rai International Airport,VTCT,Thailand,Ban Du,Point(99.882777777 19.952222222)
Bamako-Senou International Airport,GABS,Mali,Bamako,Point(-7.943055555 12.537777777)
London City Airport,EGLC,United Kingdom,London Borough of Newham,Point(0.055278 51.505278)
Fort McMurray International Airport,CYMM,Canada,Alberta,Point(-111.223 56.6533)
Birmingham Airport,EGBB,United Kingdom,Bickenhill,Point(-1.748055555 52.453888888)
Fuerteventura Airport,GCFV,Spain,Puerto del Rosario,Point(-13.863888888 28.452777777)
Marechal Rondon International Airport,SBCY,Brazil,Várzea Grande (Mato Grosso),Point(-56.1175 -15.65)
Val de Cans International Airport,SBBE,Brazil,Pará,Point(-48.47889 -1.38472)
Stockholm Bromma Airport,ESSB,Sweden,Stockholm County,Point(17.939722222 59.354444444)
Los Angeles International Airport,KLAX,United States of America,Los Angeles,Point(-118.408056 33.9425)
Ngurah Rai International Airport,WADD,Indonesia,Tuban,Point(115.1675 -8.748055555)
King Khalid International Airport,OERK,Saudi Arabia,Riyadh,Point(46.698888888 24.957777777)
Yantai Laishan International Airport,ZSYT,People's Republic of China,Laishan District,Point(121.371666666 37.401666666)
Marechal Rondon International Airport,SBCY,Brazil,Mato Grosso,Point(-56.1175 -15.65)
Brussels Airport,EBBR,Belgium,Zaventem,Point(4.484444444 50.901388888)
Toronto Pearson International Airport,CYYZ,Canada,Mississauga,Point(-79.6306 43.6767)
Ernesto Cortissoz International Airport,SKBQ,Colombia,Barranquilla,Point(-74.781766666 10.888569444)
Hewanorra International Airport,TLPL,Saint Lucia,Vieux Fort Quarter,Point(-60.9525 13.733333333)
Edmonton International Airport,CYEG,Canada,Alberta,Point(-113.579444444 53.31)
Midway International Airport,KMDW,United States of America,Chicago,Point(-87.7525 41.786111111)
Rosario – Islas Malvinas International Airport,SAAR,Argentina,Santa Fe Province,Point(-60.78444444 -32.90361111)
Langkawi International Airport,WMKL,Malaysia,Kedah,Point(99.728611111 6.329722222)
Port Hedland International Airport,YPPD,Australia,Western Australia,Point(118.626388888 -20.377777777)
Bangor International Airport,KBGR,United States of America,Maine,Point(-68.828055555 44.807222222)
McAllen-Miller International Airport,KMFE,United States of America,Texas,Point(-98.238611111 26.175833333)
Charlotte/Douglas International Airport,KCLT,United States of America,Charlotte,Point(-80.943055555 35.213888888)
Ernesto Cortissoz International Airport,SKBQ,Colombia,Atlántico Department,Point(-74.781766666 10.888569444)
Zakynthos International Airport,LGZA,Greece,Zakynthos,Point(20.884166666 37.750833333)
Heathrow Airport,EGLL,United Kingdom,London Borough of Hillingdon,Point(-0.461389 51.4775)
Minneapolis–Saint Paul International Airport,KMSP,United States of America,Fort Snelling,Point(-93.221666666 44.881944444)
Haikou Meilan International Airport,ZJHK,People's Republic of China,Haikou,Point(110.458888888 19.934722222)
Stockholm Bromma Airport,ESSB,Sweden,Stockholm Municipality,Point(17.939722222 59.354444444)
Sydney Airport,YSSY,Australia,New South Wales,Point(151.1761111 -33.948333333)
Lynden Pindling International Airport,MYNN,The Bahamas,New Providence District,Point(-77.466111111 25.038888888)
Shah Amanat International Airport,VGEG,Bangladesh,Patenga,Point(91.813333333 22.249722222)
Port Harcourt International Airport,DNPO,Nigeria,Rivers State,Point(6.949444444 5.015277777)
Ahmed Sekou Toure International Airport,GUCY,Guinea,Conakry,Point(-13.611944 9.576889)
Osaka International Airport,RJOO,Japan,Ikeda,Point(135.438222222 34.785527777)
Governador Jorge Teixeira de Oliveira International Airport,SBPV,Brazil,Rondônia,Point(-63.902777777 -8.713611111)
John Glenn Columbus International Airport,KCMH,United States of America,Columbus,Point(-82.891944444 39.998055555)
Nuremberg Airport,EDDN,Germany,Nuremberg,Point(11.078055555 49.498611111)
Hang Nadim Airport,WIDD,Indonesia,Batam,Point(104.118611111 1.120833333)
Salt Lake City International Airport,KSLC,United States of America,Utah,Point(-111.977777777 40.788333333)
Taoyuan International Airport,RCTP,Taiwan,Dayuan District,Point(121.223888888 25.076388888)
Brussels Airport,EBBR,Belgium,Steenokkerzeel,Point(4.484444444 50.901388888)
London International Airport,CYXU,Canada,London,Point(-81.1511 43.0331)
Jose Joaquin de Olmedo International Airport,SEGU,Ecuador,Guayas Province,Point(-79.883611111 -2.1575)
Tabriz International Airport,OITT,Iran,Tabriz,Point(46.235 38.133888888)
Osaka International Airport,RJOO,Japan,Itami,Point(135.438222222 34.785527777)
Dalaman Airport,LTBS,Turkey,Dalaman,Point(28.792778 36.714722)
Sultan Syarif Kasim II Airport,WIBB,Indonesia,Pekanbaru,Point(101.444444444 0.460833333)
Brussels Airport,EBBR,Belgium,Machelen,Point(4.484444444 50.901388888)
Riga International Airport,EVRA,Latvia,Mārupe Parish,Point(23.970833333 56.920833333)
Sultan Mahmud Badaruddin II International Airport,WIPP,Indonesia,Palembang,Point(104.7 -2.900277777)
Nashville International Airport,KBNA,United States of America,Nashville,Point(-86.681944444 36.126666666)
Val de Cans International Airport,SBBE,Brazil,Belem,Point(-48.47889 -1.38472)
Stockholm Bromma Airport,ESSB,Sweden,Bromma city district,Point(17.939722222 59.354444444)
Manas International Airport,UCFM,Kyrgyzstan,Chuy Region,Point(74.477508333 43.061272222)
Muan International Airport,RKJB,South Korea,Muan County,Point(126.382813888 34.991405555)
Kemerovo International Airport,UNEE,Russia,Kemerovo,Point(86.11 55.271666666)
Tirana International Airport Nënë Tereza,LATI,Albania,Kamëz,Point(19.720555555 41.414722222)
Kenneth Kaunda International Airport,FLKK,Zambia,Lusaka,Point(28.4525 -15.330555555)
Rio de Janeiro/Galeão – Antonio Carlos Jobim International Airport,SBGL,Brazil,Rio de Janeiro,Point(-43.250555555 -22.81)
Monseñor oscar Arnulfo Romero International Airport,MSLP,El Salvador,San Luis Talpa,Point(-89.055727777 13.440947222)
Ellinikon International Airport,LGAT,Greece,South Athens Regional Unit,Point(23.729444444 37.898333333)
Afonso Pena International Airport,SBCT,Brazil,Paraná,Point(-49.176111111 -25.531666666)
Faa'a International Airport,NTAA,France,Faʻaʻā,Point(-149.611388888 -17.556666666)
Minsk National Airport,UMMS,Belarus,Minsk Region,Point(28.0325 53.8825)
Juan Santamaria International Airport,MROC,Costa Rica,Rio Segundo,Point(-84.208888888 9.993888888)
Albany International Airport,KALB,United States of America,Colonie,Point(-73.801944444 42.749166666)
Doncaster Sheffield Airport,EGCN,United Kingdom,Finningley,Point(-1.004166666 53.475277777)
Perth Airport,YPPH,Australia,City of Belmont,Point(115.966944444 -31.940277777)
Soekarno–Hatta International Airport,WIII,Indonesia,Banten,Point(106.653833 -6.127361)
Ted Stevens Anchorage International Airport,PANC,United States of America,Anchorage,Point(-149.998 61.1742)
U-Tapao International Airport,VTBU,Thailand,Phla,Point(101.004917 12.679612)
Vnukovo International Airport,UUWW,Russia,Vnukovo,Point(37.2675 55.596111111)
Rio de Janeiro/Galeão – Antonio Carlos Jobim International Airport,SBGL,Brazil,Galeão,Point(-43.250555555 -22.81)
Domodedovo International Airport,UUDD,Soviet Union,Domodedovsky District,Point(37.906111111 55.408611111)
O'Hare International Airport,KORD,United States of America,Chicago,Point(-87.904722222 41.978611111)
El Nouzha Airport,HEAX,Egypt,Alexandria Governorate,Point(29.948889 31.183889)
Hobart Airport,YMHB,Australia,Tasmania,Point(147.510278 -42.836112)
King Shaka International Airport,FALE,South Africa,La Mercy,Point(31.116388888 -29.614444444)
Beijing Capital International Airport,ZBAA,People's Republic of China,Beijing,Point(116.584444444 40.08)
Hobart Airport,YMHB,Australia,City of Clarence,Point(147.510278 -42.836112)
Sharjah International Airport,OMSJ,United Arab Emirates,Emirate of Sharjah,Point(55.517222222 25.328611111)
Tianjin Binhai International Airport,ZBTJ,People's Republic of China,Dongli District,Point(117.346111111 39.124444444)
Liverpool John Lennon Airport,EGGP,United Kingdom,Speke,Point(-2.849722222 53.333611111)
Kempegowda International Airport,VOBL,India,Devanahalli,Point(77.705555555 13.198888888)
Auckland Airport,NZAA,New Zealand,Auckland,Point(174.791666666 -37.008055555)
Wien-Schwechat Airport,LOWW,Austria,Schwechat,Point(16.569722 48.110278)
Lviv Danylo Halytskyi International Airport,UKLL,Ukraine,Lviv Oblast,Point(23.956111111 49.8125)
Beijing Capital International Airport,ZBAA,People's Republic of China,Chaoyang District,Point(116.584444444 40.08)
Tirana International Airport Nënë Tereza,LATI,Albania,Durrës County,Point(19.720555555 41.414722222)
Zahedan Airport,OIZH,Iran,Zahedan,Point(60.906188888 29.475686111)
London Stansted Airport,EGSS,United Kingdom,Stansted Mountfitchet,Point(0.235 51.885)
Fuzhou Changle International Airport,ZSFZ,People's Republic of China,Zhanggang Subdistrict,Point(119.663333333 25.935)
Alicante Airport,LEAL,Spain,Alicante Province,Point(-0.558055555 38.282222222)
King Fahd International Airport,OEDF,Saudi Arabia,Eastern Province,Point(49.797777777 26.471111111)
Tirana International Airport Nënë Tereza,LATI,Albania,Krujë Municipality,Point(19.720555555 41.414722222)
Libreville International Airport,FOOL,Gabon,Estuaire Province,Point(9.412222 0.458611)
Bandaranaike International Airport,VCBI,Sri Lanka,Western Province,Point(79.883611111 7.181111111)
Wilkes-Barre/Scranton International Airport,KAVP,United States of America,Pittston Township,Point(-75.723333333 41.338333333)
Juan Santamaria International Airport,MROC,Costa Rica,Guácima,Point(-84.208888888 9.993888888)
Brasilia International Airport,SBBR,Brazil,Lago Sul,Point(-47.918611111 -15.871111111)
Newcastle International Airport,EGNT,United Kingdom,Woolsington,Point(-1.691666666 55.0375)
Adisumarmo International Airport,WAHQ,Indonesia,Boyolali,Point(110.756944444 -7.516111111)
Vnukovo International Airport,UUWW,Soviet Union,Vnukovo,Point(37.2675 55.596111111)
Sir Seewoosagur Ramgoolam International Airport,FIMP,Mauritius,Port Louis,Point(57.683022222 -20.430027777)
Canberra International Airport,YSCB,Australia,Canberra,Point(149.195 -35.306944444)
Phuket International Airport,VTSP,Thailand,Mai Khao,Point(98.316944 8.113333)
Melbourne Airport,YMML,Australia,Victoria,Point(144.843333333 -37.673333333)
Tirana International Airport Nënë Tereza,LATI,Albania,Tirana County,Point(19.720555555 41.414722222)
Melbourne Airport,YMML,Australia,City of Hume,Point(144.843333333 -37.673333333)
Taipei Songshan Airport,RCSS,Taiwan,Songshan District,Point(121.551666666 25.069444444)
Tbilisi International Airport,UGTB,Georgia,Tbilisi,Point(44.954722222 41.669166666)
Exeter Airport,EGTE,United Kingdom,South West England,Point(-3.413888888 50.734444444)
Hualien Airport,RCYU,Taiwan,Xincheng,Point(121.617777777 24.023055555)
Luis Muñoz Marin International Airport,TJSJ,United States of America,Carolina,Point(-66.001944444 18.439166666)
Bordeaux–Merignac Airport,LFBD,France,Merignac,Point(-0.715556 44.828333)
Madeira Airport,LPMA,Portugal,Santa Cruz,Point(-16.778055555 32.694166666)
Indianapolis International Airport,KIND,United States of America,Indianapolis,Point(-86.294444 39.717222)
Sultan Aji Muhammad Sulaiman Airport,WALL,Indonesia,Balikpapan,Point(116.894444444 -1.268333333)
Las Americas International Airport,MDSD,Dominican Republic,"La Caleta, Santo Domingo",Point(-69.668925 18.429663)
LaGuardia Airport,KLGA,United States of America,Queens,Point(-73.875 40.775)
General Roberto Fierro Villalobos International Airport,MMCU,Mexico,Chihuahua City,Point(-105.963888 28.702778)
Perth Airport,YPPH,Australia,City of Swan,Point(115.966944444 -31.940277777)
Munster Osnabruck International Airport,EDDG,Germany,Greven,Point(7.68483 52.134642)
Trondheim Airport,ENVA,Norway,Stjørdal,Point(10.924166666 63.4575)
Bournemouth Airport,EGHH,United Kingdom,Hurn,Point(-1.8425 50.78)
Abeid Amani Karume International Airport,HTZA,Tanzania,Unguja,Point(39.225 -6.222222222)
Muscat International Airport,OOMS,Oman,Muscat Governorate,Point(58.28692 23.60096)
Dublin Airport,EIDW,Republic of Ireland,County Fingal,Point(-6.27 53.421388888)
Afonso Pena International Airport,SBCT,Brazil,São Jose dos Pinhais,Point(-49.176111111 -25.531666666)
Aberdeen Airport,EGPD,United Kingdom,Aberdeen City,Point(-2.197778 57.201944)
Sanya Phoenix International Airport,ZJSY,People's Republic of China,Tianya District,Point(109.412272222 18.302897222)
Belgrade Nikola Tesla Airport,LYBE,Serbia,,Point(20.306944444 44.819444444)
Juan Santamaria International Airport,MROC,Costa Rica,Alajuela Province,Point(-84.208888888 9.993888888)
Orly Airport,LFPO,France,Orly,Point(2.379444 48.723333)
Jackson-Evers International Airport,KJAN,United States of America,Mississippi,Point(-90.075833333 32.311111111)
New York Stewart International Airport,KSWF,United States of America,Orange County,Point(-74.104722222 41.504166666)
Miami International Airport,KMIA,United States of America,Miami-Dade County,Point(-80.290555555 25.793333333)
Bergen Airport,ENBR,Norway,Bergen municipality,Point(5.218061111 60.293611111)
Tainan Airport,RCNN,Taiwan,South District,Point(120.205555555 22.950277777)
Xiamen Gaoqi International Airport,ZSAM,People's Republic of China,Huli District,Point(118.127777777 24.544166666)
Gregorio Luperon International Airport,MDPP,Dominican Republic,Sosúa,Point(-70.57 19.757777777)
Abeid Amani Karume International Airport,HTZA,Tanzania,Unguja,Point(39.22128 -6.21757)
Phoenix Sky Harbor International Airport,KPHX,United States of America,Phoenix,Point(-112.011666666 33.434166666)
Canberra International Airport,YSCB,Australia,Australian Capital Territory,Point(149.195 -35.306944444)
Tainan Airport,RCNN,Taiwan,Rende District,Point(120.205555555 22.950277777)
Ellinikon International Airport,LGAT,Greece,Elliniko,Point(23.729444444 37.898333333)
Kaohsiung International Airport,RCKH,Taiwan,Siaogang District,Point(120.35 22.576944444)
Tehran Imam Khomeini International Airport,OIIE,Iran,Tehran Province,Point(51.152222222 35.416111111)
Abbotsford International Airport,CYXX,Canada,British Columbia,Point(-122.36 49.0253)
Juan Santamaria International Airport,MROC,Costa Rica,Alajuela Canton,Point(-84.208888888 9.993888888)
"Kos International Airport ""Hippocrates""",LGKO,Greece,South Aegean Region,Point(27.091666666 36.793336111)
Domodedovo International Airport,UUDD,Russia,Domodedovsky District,Point(37.906111111 55.408611111)
Almaty International Airport,UAAA,Kazakhstan,Almaty,Point(77.040555555 43.351944444)
Baghdad International Airport,ORBI,Iraq,Baghdad,Point(44.234444444 33.2625)
Alta,ENGM,Norway,Ullensaker,Point(11.10036 60.19392)
Perth Airport,YPPH,Australia,City of Kalamunda,Point(115.966944444 -31.940277777)
St. John's International Airport,CYYT,Canada,Newfoundland and Labrador,Point(-52.7525 47.618611111)
Cochin International Airport,VOCI,India,Nedumbassery,Point(76.40194444 10.15194444)
Huangshan Tunxi International Airport,ZSTX,People's Republic of China,Yiqi,Point(118.252777777 29.73)
Noi Bai International Airport,VVNB,Vietnam,Hanoi,Point(105.807222222 21.221111111)
Memphis International Airport,KMEM,United States of America,Memphis,Point(-89.976666666 35.0425)
San Carlos de Bariloche Airport,SAZS,Argentina,Rio Negro Province,Point(-71.15777778 -41.15111111)
Irkutsk International Airport,UIII,Russia,Irkutsk Oblast,Point(104.355786 52.273107)
Princess Juliana International Airport,TNCM,Sint Maarten,,Point(-63.109444444 18.040833333)
Quebec City Jean Lesage International Airport,CYQB,Canada,Sainte-Foy–Sillery–Cap-Rouge,Point(-71.383333 46.8)
Flamingo International Airport,TNCB,Netherlands,Kralendijk,Point(-68.268611111 12.131111111)
Logan International Airport,KBOS,United States of America,East Boston,Point(-71.006389 42.363056)
Huntsville International Airport,KHSV,United States of America,Huntsville,Point(-86.775 34.637222222)
Tocumen International Airport,MPTO,Panama,Panamá Province,Point(-79.383611111 9.071388888)
Pinto Martins – Fortaleza International Airport,SBFZ,Brazil,Ceará,Point(-38.532222222 -3.775833333)
Tijuana International Airport,MMTJ,Mexico,Tijuana,Point(-116.97 32.540833333)
Bishop International Airport,KFNT,United States of America,Michigan,Point(-83.743611111 42.965555555)
Burgas Airport,LBBG,Bulgaria,Burgas Province,Point(27.515277777 42.570277777)
St. John's International Airport,CYYT,Canada,St. John's,Point(-52.7525 47.618611111)
Governor Francisco Gabrielli International Airport,SAME,Argentina,Mendoza Province,Point(-68.79277778 -32.83166667)
Katowice International Airport,EPKT,Poland,Pyrzowice,Point(19.08 50.474166666)
Bristol Airport,EGGD,United Kingdom,North Somerset,Point(-2.719167 51.382778)
Kunming Wujiaba International Airport,ZPPP,People's Republic of China,Kunming,Point(102.743333333 24.992222222)
Tulsa International Airport,KTUL,United States of America,Tulsa,Point(-95.888055555 36.198333333)
Nador International Airport,GMMW,Morocco,Oriental,Point(-3.028205555 34.988780555)
Viracopos International Airport,SBKP,Brazil,São Paulo,Point(-47.134444444 -23.006944444)
Nice Côte d'Azur Airport,LFMN,France,Nice,Point(7.215 43.665277777)
Tampa International Airport,KTPA,United States of America,Hillsborough County,Point(-82.534845 27.9798184)
Indira Gandhi International Airport,VIDP,India,New Delhi district,Point(77.0833 28.5574)
Milas-Bodrum Airport,LTFE,Turkey,Bodrum,Point(27.664166666 37.250555555)
Da Nang International Airport,VVDN,Vietnam,South Central Coast,Point(108.199444444 16.043888888)
Traian Vuia International Airport,LRTR,Romania,Timișoara,Point(21.338055555 45.81)
Prince Mohammad Bin Abdulaziz International Airport,OEMA,Saudi Arabia,Medina Province,Point(39.71425 24.55175)
Bilbao Airport,LEBB,Spain,Sondika,Point(-2.910556 43.301111)
Arturo Merino Benitez International Airport,SCEL,Chile,Pudahuel,Point(-70.785555555 -33.392777777)
Ranon Airport,LEAS,Spain,Santiago del Monte,Point(-6.034722222 43.563611111)
Menorca Airport,LEMH,Spain,Sant Lluis,Point(4.218611 39.8625)
Queenstown Airport,NZQN,New Zealand,Otago,Point(168.739166666 -45.021111111)
Viracopos International Airport,SBKP,Brazil,Campinas,Point(-47.134444444 -23.006944444)
Queretaro International Airport,MMQT,Mexico,Colon Municipality,Point(-100.188333333 20.622222222)
Irkutsk International Airport,UIII,Russia,Irkutsk Oblast,Point(104.353371 52.272887)
Entebbe International Airport,HUEN,Uganda,Central Region,Point(32.443055555 0.044722222)
Qingdao Liuting International Airport,ZSQD,People's Republic of China,Chengyang District,Point(120.374444444 36.266111111)
Luxembourg Airport,ELLX,Luxembourg,Sandweiler,Point(6.204444444 49.623333333)
Venice Marco Polo Airport,LIPZ,Italy,"Tessera, Venice",Point(12.351944444 45.505277777)
Changsha Huanghua International Airport,ZGHA,People's Republic of China,Hunan,Point(113.220833333 28.196666666)
Juwata International Airport,WAQQ,Indonesia,North Kalimantan,Point(117.565555555 3.326666666)
Shannon Airport,EINN,Republic of Ireland,Shannon,Point(-8.924722222 52.701944444)
Innsbruck Airport,LOWI,Austria,Innsbruck,Point(11.343888888 47.260277777)
"Rhodes International Airport ""Diagoras""",LGRP,Greece,Rodos Municipality,Point(28.086112 36.405278)
Simon Bolivar International Airport,SVMI,Venezuela,Urimare,Point(-66.990583333 10.603116666)
Juwata International Airport,WAQQ,Indonesia,Tarakan,Point(117.565555555 3.326666666)
Mactan–Cebu International Airport,RPVM,Philippines,Lapu-Lapu,Point(123.983333333 10.316666666)
Buyant-Ukhaa International Airport,ZMUB,Mongolia,Ulaanbaatar,Point(106.766389 47.843056)
Dallas/Fort Worth International Airport,KDFW,United States of America,Texas,Point(-97.038055555 32.896944444)
Xi'an Xianyang International Airport,ZLXY,People's Republic of China,Dizhang Subdistrict,Point(108.751388888 34.446944444)
Billund Airport,EKBI,Denmark,Billund Municipality,Point(9.151944444 55.740277777)
Hamad International Airport,OTHH,Qatar,Doha,Point(51.608055555 25.273055555)
Orlando International Airport,KMCO,United States of America,Orlando,Point(-81.308889 28.429444)
Menorca Airport,LEMH,Spain,Mahon,Point(4.218611 39.8625)
Málaga Airport,LEMG,Spain,Churriana,Point(-4.499167 36.675)
Edinburgh Airport,EGPH,United Kingdom,City of Edinburgh,Point(-3.3725 55.95)
Beauvais-Tille Airport,LFOB,France,Tille,Point(2.112778 49.454444)
Zaporizhzhia International Airport,UKDE,Ukraine,Zaporizhzhia,Point(35.315833333 47.866944444)
Queen Beatrix International Airport,TNCA,Aruba,,Point(-70.015277777 12.501388888)
Ibiza Airport,LEIB,Spain,Ibiza,Point(1.373117 38.872858)
Pinto Martins – Fortaleza International Airport,SBFZ,Brazil,Fortaleza,Point(-38.532222222 -3.775833333)
Iași International Airport,LRIA,Romania,Iași,Point(27.62 47.178888888)
Windhoek Hosea Kutako International Airport,FYWH,Namibia,Khomas Region,Point(17.470833 -22.48)
Bilbao Airport,LEBB,Spain,Loiu,Point(-2.910556 43.301111)
Aswan International Airport,HESN,Egypt,Aswan Governorate,Point(32.819722 23.964167)
Philadelphia International Airport,KPHL,United States of America,Philadelphia,Point(-75.241111 39.871944)
Newark Liberty International Airport,KEWR,United States of America,Newark,Point(-74.1686 40.6925)
Phu Quoc International Airport,VVPQ,Vietnam,Phú Quốc,Point(103.991111111 10.171666666)
Xoxocotlán International Airport,MMOX,Mexico,Oaxaca de Juárez,Point(-96.726666666 17.0)
São Paulo-Guarulhos International Airport,SBGR,Brazil,Guarulhos,Point(-46.473055555 -23.435555555)
Udon Thani International Airport,VTUD,Thailand,Mak Khaeng,Point(102.788333 17.386388)
Gerald R. Ford International Airport,KGRR,United States of America,Michigan,Point(-85.522777777 42.880833333)
Berlin Brandenburg Airport,EDDB,Germany,Schönefeld,Point(13.500671666 52.362246666)
Bilbao Airport,LEBB,Spain,Derio,Point(-2.910556 43.301111)
Monterrey International Airport,MMMY,Mexico,Apodaca,Point(-100.106388888 25.778333333)
Chhatrapati Shivaji Maharaj International Airport,VABB,India,Mumbai,Point(72.868055555 19.088611111)
Ottawa Macdonald-Cartier International Airport,CYOW,Canada,Ontario,Point(-75.6672 45.3225)
Sardar Vallabhbhai Patel International Airport,VAAH,India,Ahmedabad,Point(72.634722222 23.077222222)
Dushanbe International Airport,UTDD,Tajikistan,Dushanbe,Point(68.821666666 38.543611111)
Beirut–Rafic Hariri International Airport,OLBA,Lebanon,Beirut,Point(35.488333333 33.821111111)
Bradley International Airport,KBDL,United States of America,Connecticut,Point(-72.683333333 41.939166666)
Cairns Airport,YBCS,Australia,Queensland,Point(145.755277777 -16.885833333)
Toussaint Louverture International Airport,MTPP,Haiti,Ouest,Point(-72.2925 18.58)
John Wayne Airport,KSNA,United States of America,Santa Ana,Point(-117.868333333 33.675555555)
Shymkent International Airport,UAII,Kazakhstan,Turkistan Region,Point(69.476111111 42.365)
Boryspil International Airport,UKBB,Ukraine,Boryspil,Point(30.893333333 50.344722222)
Montreal–Mirabel International Airport,CYMX,Canada,Quebec,Point(-74.038611111 45.679722222)
La Tontouta International Airport,NWWW,France,Païta,Point(166.216111111 -22.016388888)
Tancredo Neves International Airport,SBCF,Brazil,Confins,Point(-43.971388888 -19.623888888)
Vancouver International Airport,CYVR,Canada,Richmond,Point(-123.184 49.1947)
Montreal–Mirabel International Airport,CYMX,Canada,Mirabel,Point(-74.038611111 45.679722222)
Sofia Airport,LBSF,Bulgaria,Sofia Capital Municipality,Point(23.408333333 42.695)
Nizhny Novgorod International Airport,UWGG,Russia,Nizhny Novgorod,Point(43.786666666 56.23)
Penang International Airport,WMKP,Malaysia,Bayan Lepas,Point(100.276666666 5.296944444)
Cesar Manrique Lanzarote Airport,GCRR,Spain,Lanzarote,Point(-13.605278 28.945556)
Simferopol International Airport,UKFF,Ukraine,Republic of Crimea,Point(33.975277777 45.052222222)
Recife/Guararapes–Gilberto Freyre International Airport,SBRF,Brazil,Boa Viagem,Point(-34.922777777 -8.126388888)
Martin Miguel de Guemes International Airport,SASA,Argentina,Salta Province,Point(-65.48694444 -24.85972222)
Miguel Hidalgo y Costilla Guadalajara International Airport,MMGL,Mexico,Tlajomulco de Zúñiga Municipality,Point(-103.311145 20.521837)
John Paul II International Airport Krakow-Balice,EPKK,Poland,Balice,Point(19.784722222 50.077777777)
Martin Miguel de Guemes International Airport,SASA,Argentina,Salta,Point(-65.48694444 -24.85972222)
L.F. Wade International Airport,TXKF,United Kingdom,Bermuda,Point(-64.678611111 32.364166666)
Beijing Daxing International Airport,ZBAD,People's Republic of China,Jiuzhou,Point(116.410556 39.511944)
Eindhoven Airport,EHEH,Netherlands,Eindhoven,Point(5.374167 51.450556)
Reno–Tahoe International Airport,KRNO,United States of America,Nevada,Point(-119.768055555 39.499166666)
Krasnoyarsk International Airport,UNKL,Russia,Krasnoyarsk Krai,Point(92.493333333 56.171666666)
Kuwait International Airport,OKBK,Kuwait,Al Farwaniyah Governorate,Point(47.979972222 29.226777777)
General Juan N. Álvarez International Airport,MMAA,Mexico,Acapulco,Point(-99.751611111 16.756027777)
Atlantic City International Airport,KACY,United States of America,Pomona,Point(-74.5772 39.4575)
Francisco de Sá Carneiro Airport,LPPR,Portugal,Metropolitan Area of Porto,Point(-8.678055555 41.235555555)
Federico Garcia Lorca Granada Airport,LEGR,Spain,Chauchina,Point(-3.777222222 37.188611111)
Blaise Diagne International Airport,GOBD,Senegal,Ndiass,Point(-17.068888888 14.670833333)
Tashkent International Airport,UTTT,Uzbekistan,Tashkent Region,Point(69.281186111 41.257861111)
Manzhouli Xijiao Airport,ZBMZ,People's Republic of China,Inner Mongolia,Point(117.33 49.566666666)
Owen Roberts International Airport,MWCR,United Kingdom,Cayman Islands,Point(-81.359166666 19.2925)
Billings Logan International Airport,KBIL,United States of America,Billings,Point(-108.542777777 45.807777777)
Shenyang Taoxian International Airport,ZYTX,People's Republic of China,Hunnan District,Point(123.483611111 41.64)
Buffalo Niagara International Airport,KBUF,United States of America,Cheektowaga,Point(-78.732222222 42.940555555)
Douala International Airport,FKKD,Cameroon,Littoral,Point(9.719444444 4.005833333)
Kuala Lumpur International Airport,WMKK,Malaysia,Kuala Lumpur,Point(101.709722 2.745556)
Kuala Lumpur International Airport,WMKK,Malaysia,Sepang District,Point(101.709722 2.745556)
Owen Roberts International Airport,MWCR,United Kingdom,George Town,Point(-81.359166666 19.2925)
Jacksonville International Airport,KJAX,United States of America,Jacksonville,Point(-81.687777777 30.494166666)
Paphos International Airport,LCPH,Cyprus,Akhelia,Point(32.485 34.718333333)
Palm Beach International Airport,KPBI,United States of America,West Palm Beach,Point(-80.0956 26.6832)
Simferopol International Airport,UKFF,Russia,Autonomous Republic of Crimea,Point(33.975277777 45.052222222)
Mexico City International Airport,MMMX,Mexico,Venustiano Carranza,Point(-99.071944 19.436111)
Southwest Florida International Airport,KRSW,United States of America,Florida,Point(-81.755277777 26.536111111)
Manuel Márquez de Leon International Airport,MMLP,Mexico,Baja California Sur,Point(-110.362542 24.072747)
Punta Cana International Airport,MDPC,Dominican Republic,Punta Cana,Point(-68.351944444 18.566666666)
Abu Dhabi International Airport,OMAA,United Arab Emirates,Abu Dhabi,Point(54.651111111 24.433055555)
Stavanger Airport,ENZV,Norway,Sola,Point(5.637777777 58.876666666)
Mashhad International Airport,OIMM,Iran,Mashhad,Point(59.645 36.234167)
Cibao International Airport,MDST,Dominican Republic,Licey al Medio,Point(-70.604722222 19.406111111)
Matecaña International Airport,SKPE,Colombia,Risaralda Department,Point(-75.739444444 4.8125)
Koltsovo Airport,USSS,Russia,Yekaterinburg,Point(60.803611111 56.741388888)
Kilimanjaro International Airport,HTKJ,Tanzania,Kilimanjaro Region,Point(37.074444444 -3.429444444)
Sultan Hasanuddin International Airport,WAAA,Indonesia,Makassar,Point(119.554166666 -5.061666666)
Melbourne International Airport,KMLB,United States of America,Florida,Point(-80.645277777 28.102777777)
Simferopol International Airport,UKFF,Ukraine,Autonomous Republic of Crimea,Point(33.975277777 45.052222222)
"Heraklion International Airport ""Nikos Kazantzakis""",LGIR,Greece,Heraklion,Point(25.180278 35.339722)
Cairo International Airport,HECA,Egypt,Cairo Governorate,Point(31.405555555 30.121944444)
Austin-Bergstrom International Airport,KAUS,United States of America,Austin,Point(-97.67 30.194444444)
Leopold Sedar Senghor International Airport,GOOY,Senegal,Yoff,Point(-17.479305 14.743833)
Des Moines International Airport,KDSM,United States of America,Iowa,Point(-93.663055555 41.533888888)
Guanacaste Airport,MRLB,Costa Rica,Guanacaste Province,Point(-85.544166666 10.593055555)
Cheongju International Airport,RKTU,South Korea,Cheongwon-gu,Point(127.499166666 36.716388888)
Tan Son Nhat International Airport,VVTS,Vietnam,Tân Bình,Point(106.651944444 10.818888888)
Federico Garcia Lorca Granada Airport,LEGR,Spain,Granada Province,Point(-3.777222222 37.188611111)
Basra International Airport,ORMM,Iraq,Basra Governorate,Point(47.662472222 30.548888888)
Manaus International Airport,SBEG,Brazil,Amazonas,Point(-60.050555555 -3.041111111)
Praia International Airport,GVNP,Cape Verde,Praia,Point(-23.484722222 14.941111111)
Erkilet International Airport,LTAU,Turkey,Kayseri,Point(35.495277777 38.770277777)
Beijing Daxing International Airport,ZBAD,People's Republic of China,Lixian,Point(116.410556 39.511944)
Cape Town International Airport,FACT,South Africa,Cape Town,Point(18.597222222 -33.969444444)
Sam Ratulangi International Airport,WAMM,Indonesia,Manado,Point(124.926388888 1.549166666)
Southwest Florida International Airport,KRSW,United States of America,"South Fort Myers, Florida",Point(-81.755277777 26.536111111)
Hermanos Serdán International Airport,MMPB,Mexico,Puebla,Point(-98.371388888 19.158055555)
Kota Kinabalu International Airport,WBKK,Malaysia,Kepayan,Point(116.053055555 5.944722222)
Dayton International Airport,KDAY,United States of America,Ohio,Point(-84.219444444 39.9025)
Bari Karol Wojtyła Airport,LIBD,Italy,Bari,Point(16.760594444 41.138855555)
General Rafael Buelna International Airport,MMMZ,Mexico,Mazatlán,Point(-106.266072222 23.161355555)
Nnamdi Azikiwe International Airport,DNAA,Nigeria,Abuja,Point(7.263194444 9.006805555)
Savannah/Hilton Head International Airport,KSAV,United States of America,Georgia,Point(-81.202222222 32.1275)
Wilmington International Airport,KILM,United States of America,New Hanover County,Point(-77.9025 34.270555555)
Palma de Mallorca Airport,LEPA,Spain,Palma,Point(2.738808333 39.551675)
Detroit Metropolitan Wayne County Airport,KDTW,United States of America,Romulus,Point(-83.353333 42.2125)
Birmingham-Shuttlesworth International Airport,KBHM,United States of America,Alabama,Point(-86.752222222 33.563888888)
Cap. FAP Guillermo Concha Iberico International Airport,SPUR,Peru,Piura,Point(-80.616388888 -5.20575)
Linz Airport,LOWL,Austria,Hörsching,Point(14.1875 48.233333333)
Basra International Airport,ORMM,Iraq,Basra Governorate,Point(47.770833333 30.568888888)
Toncontin International Airport,MHTG,Honduras,Francisco Morazán Department,Point(-87.216944444 14.061666666)
Umeå Airport,ESNU,Sweden,Umeå Municipality,Point(20.28 63.793055)
Recife/Guararapes–Gilberto Freyre International Airport,SBRF,Brazil,Pernambuco,Point(-34.922777777 -8.126388888)
"Samos International Airport ""Aristarchus""",LGSM,Greece,North Aegean Region,Point(26.912778 37.690278)
Norwich International Airport,EGSH,United Kingdom,Norwich,Point(1.28278 52.6758)
Sunan Shuofang International Airport,ZSWX,People's Republic of China,Wuxi,Point(120.429444444 31.494444444)
Kansas City International Airport,KMCI,United States of America,Kansas City,Point(-94.713888888 39.2975)
Beijing Daxing International Airport,ZBAD,People's Republic of China,Yufa,Point(116.410556 39.511944)
Jorge Chávez International Airport,SPJC,Peru,Callao,Point(-77.114444444 -12.021944444)
Rabat-Sale Airport,GMME,Morocco,Rabat-Sale-Kenitra,Point(-6.75138889 34.05138889)
Ercan International Airport,LCEN,Turkish Republic of Northern Cyprus,Tymvou,Point(33.488372 35.159647)
Ankara Esenboğa Airport,LTAC,Turkey,Ankara,Point(32.995 40.128055555)
Simferopol International Airport,UKFF,Russia,Republic of Crimea,Point(33.975277777 45.052222222)
L.F. Wade International Airport,TXKF,United Kingdom,St. David's Island,Point(-64.678611111 32.364166666)
Gothenburg-Landvetter Airport,ESGG,Sweden,Härryda Municipality,Point(12.291111111 57.66)
Norman Manley International Airport,MKJP,Jamaica,Palisadoes,Point(-76.7875 17.935556)
Fairbanks International Airport,PAFA,United States of America,Fairbanks North Star Borough,Point(-147.856 64.815)
Algiers Houari Boumediene Airport,DAAG,Algeria,Algiers,Point(3.216944444 36.694444444)
Marrakesh Menara Airport,GMMX,Morocco,Marrakesh,Point(-8.040833333 31.608611111)
Sibiu International Airport,LRSB,Romania,Sibiu,Point(24.0949867 45.7890231)
Zhengzhou Xinzheng International Airport,ZHCC,People's Republic of China,Henan,Point(113.840833333 34.519722222)
Tucson International Airport,KTUS,United States of America,Tucson,Point(-110.931 32.1153)
Portland International Jetport,KPWM,United States of America,Maine,Point(-70.309166666 43.646111111)
Paphos International Airport,LCPH,Cyprus,Timi,Point(32.485 34.718333333)
Federal de Bachigualato International Airport,MMCL,Mexico,Sinaloa,Point(-107.474444444 24.764444444)
Berlin-Tempelhof Airport,EDDI,Germany,Tempelhof-Schöneberg,Point(13.401666666 52.473611111)
Louisville International Airport,KSDF,United States of America,Louisville,Point(-85.736388888 38.174166666)
Kurumoch International Airport,UWWW,Russia,Samara,Point(50.155 53.501666666)
Salgado Filho International Airport,SBPA,Brazil,"São João, Porto Alegre",Point(-51.171111111 -29.993888888)
Gimhae International Airport,RKPK,South Korea,Busan,Point(128.938055555 35.180555555)
Bologna Guglielmo Marconi Airport,LIPE,Italy,Bologna,Point(11.288666666 44.535444444)
El Dorado International Airport,SKBO,Colombia,Capital District,Point(-74.146944444 4.701388888)
Victoria International Airport,CYYJ,Canada,British Columbia,Point(-123.426 48.6472)
Hamburg Airport,EDDH,Germany,Hamburg-Nord,Point(9.991111 53.630278)
Cluj International Airport,LRCL,Romania,Cluj County,Point(23.68612 46.785092)
Corpus Christi International Airport,KCRP,United States of America,Texas,Point(-97.501111111 27.770277777)
Trivandrum International Airport,VOTV,India,Thiruvananthapuram,Point(76.92 8.482222222)
Presidente Castro Pinto International Airport,SBJP,Brazil,Paraiba,Point(-34.948611111 -7.145833333)
Camilo Daza International Airport,SKCC,Colombia,Norte de Santander Department,Point(-72.511666666 7.9275)
Nursultan Nazarbayev International Airport,UACC,Kazakhstan,Astana,Point(71.466944444 51.022222222)
Foz do Iguaçu International Airport,SBFI,Brazil,Foz do Iguaçu,Point(-54.485 -25.60028)
Foz do Iguaçu International Airport,SBFI,Brazil,Foz do Iguaçu,Point(-54.485 -25.600277777)
Dusseldorf Airport,EDDL,Germany,Lohausen,Point(6.766666666 51.289444444)
Nanchang Changbei International Airport,ZSCN,People's Republic of China,Lehua,Point(115.9 28.865)
Francisco Bangoy International Airport,RPMD,Philippines,Davao City,Point(125.645778 7.125522)
El Dorado International Airport,SKBO,Colombia,Bogotá,Point(-74.146944444 4.701388888)
Green Bay–Austin Straubel International Airport,KGRB,United States of America,Brown County,Point(-88.129722222 44.484722222)
Sochi International Airport,URSS,Russia,Krasnodar Krai,Point(39.956666666 43.45)
General Lucio Blanco International Airport,MMRX,Mexico,Tamaulipas State,Point(-98.228611111 26.008888888)
General Santos International Airport,RPMR,Philippines,Soccsksargen,Point(125.235 6.10644)
Surgut International Airport,USRR,Russia,Surgut,Point(73.402222222 61.343888888)
General Santos International Airport,RPMR,Philippines,Soccsksargen,Point(125.096033333 6.058002777)
General Santos International Airport,RPMR,Philippines,Soccsksargen,Point(125.096197 6.058125)
Saipan International Airport,PGSN,United States of America,Saipan,Point(145.729444444 15.118888888)
Malta International Airport,LMML,Malta,Luqa,Point(14.4775 35.8575)
Suvarnabhumi Airport,VTBS,Thailand,Bang Phli,Point(100.747222 13.681111)
Chania International Airport,LGSA,Greece,Chania,Point(24.149677777 35.531747222)
Zainuddin Abdul Madjid International Airport,WADL,Indonesia,East Lombok,Point(116.276675 -8.757322222)
Comandante Armando Tola International Airport,SAWC,Argentina,Santa Cruz Province,Point(-72.05305556 -50.28)
Tokyo International Airport,RJTT,Japan,Haneda Airport,Point(139.781111111 35.553333333)
San Diego International Airport,KSAN,United States of America,San Diego,Point(-117.189722222 32.733611111)
Kharkiv International Airport,UKHH,Ukraine,Kharkiv,Point(36.29 49.924722)
Bacolod-Silay International Airport,RPVB,Philippines,Negros Occidental,Point(123.01528 10.77639)
Bacolod-Silay International Airport,RPVB,Philippines,Western Visayas,Point(123.01528 10.77639)
Pointe-à-Pitre International Airport,TFFR,France,Les Abymes,Point(-61.525833333 16.264166666)
Daegu International Airport,RKTN,South Korea,Dong-gu,Point(128.658888888 35.894166666)
Nagoya Airfield,RJNA,Japan,Komaki,Point(136.924444444 35.255)
Kuching International Airport,WBGG,Malaysia,Kuching,Point(110.346666666 1.484444444)
Alfonso Bonilla Aragon International Airport,SKCL,Colombia,Valle del Cauca Department,Point(-76.381388888 3.543055555)
Don Mueang International Airport,VTBD,Thailand,Sanam Bin,Point(100.606666666 13.9125)
Regina International Airport,CYQR,Canada,Saskatchewan,Point(-104.666 50.4322)
Chengdu Shuangliu International Airport,ZUUU,People's Republic of China,Shuangliu District,Point(103.948333 30.58)
Alfonso Bonilla Aragon International Airport,SKCL,Colombia,Palmira,Point(-76.381388888 3.543055555)
Tangier Ibn Battouta Airport,GMTT,Morocco,Tanger-Tetouan-Al Hoceïma,Point(-5.916888888 35.726916666)
Orlando Sanford International Airport,KSFB,United States of America,Florida,Point(-81.2375 28.777777777)
Quad Cities International Airport,KMLI,United States of America,Illinois,Point(-90.5075 41.448611111)
Adana Şakirpaşa Airport,LTAF,Turkey,Adana,Point(35.280278 36.981944)
Incheon International Airport,RKSI,South Korea,Incheon,Point(126.439166666 37.4625)
Hamburg Airport,EDDH,Germany,Norderstedt,Point(9.991111 53.630278)
Ministro Victor Konder International Airport,SBNF,Brazil,Santa Catarina,Point(-48.651388888 -26.88)
Nagoya Airfield,RJNA,Japan,Chūbu region,Point(136.924444444 35.255)
Mariscal Sucre International Airport,SEQM,Ecuador,Quito Metro,Point(-78.36555556 -0.13555556)
Kotoka International Airport,DGAA,Ghana,Greater Accra Region,Point(-0.167388888 5.604666666)
Falcone–Borsellino Airport,LICJ,Italy,Cinisi,Point(13.099444444 38.181944444)
Jose Marti International Airport,MUHA,Cuba,Boyeros,Point(-82.408888888 22.988888888)
Hangzhou Xiaoshan International Airport,ZSHC,People's Republic of China,Xiaoshan District,Point(120.434444444 30.229444444)
Juanda International Airport,WARR,Indonesia,Sidoarjo,Point(112.7855 -7.38)
Manuel Crescencio Rejon International Airport,MMMD,Mexico,Yucatán,Point(-89.657777777 20.936944444)
Allama Iqbal International Airport,OPLA,Pakistan,Lahore,Point(74.4025 31.521388888)
Toluca International Airport,MMTO,Mexico,Toluca,Point(-99.565833333 19.336944444)
Chacalluta International Airport,SCAR,Chile,Arica Province,Point(-70.338611 -18.348611)
Salgado Filho International Airport,SBPA,Brazil,Rio Grande do Sul,Point(-51.171111111 -29.993888888)
Jinnah International Airport,OPKC,Pakistan,Karachi,Point(67.160833333 24.906666666)
Keflavik Airport,BIKF,Iceland,Keflavik,Point(-22.605555555 63.985)
Borg El Arab Airport,HEBA,Egypt,Alexandria,Point(29.696389 30.917778)
Palm Springs International Airport,KPSP,United States of America,Palm Springs,Point(-116.506666666 33.829722222)
Rodriguez Ballon International Airport,SPQU,Peru,Arequipa,Point(-71.583083333 -16.341072222)
Moi International Airport,HKMO,Kenya,Coast Province,Point(39.594167 -4.034722)
Thunder Bay International Airport,CYQT,Canada,Ontario,Point(-89.321666666 48.371944444)
Lambert–St. Louis International Airport,KSTL,United States of America,St. Louis County,Point(-90.361388888 38.747222222)
San Francisco International Airport,KSFO,United States of America,San Mateo County,Point(-122.375 37.618888888)
Amilcar Cabral International Airport,GVAC,Cape Verde,Sal,Point(-22.950016666 16.737588888)
Adisucipto Airport,WAHH,Indonesia,Special Region of Yogyakarta,Point(110.431666666 -7.788055555)
Abraham González Airport,MMCS,Mexico,Chihuahua,Point(-106.428666666 31.636133333)
Marsa Alam International Airport,HEMA,Egypt,Red Sea Governorate,Point(34.583611 25.556944)
Lome-Tokoin Airport,DXXX,Togo,Lome,Point(1.254166666 6.165833333)
Los Cabos International Airport,MMSD,Mexico,San Jose del Cabo,Point(-109.720833333 23.151666666)
Shahid Sadooghi Airport,OIYY,Iran,Fajr Rural District,Point(54.276388888 31.905)
Foz do Iguaçu International Airport,SBFI,Brazil,Paraná,Point(-54.485 -25.60028)
Foz do Iguaçu International Airport,SBFI,Brazil,Paraná,Point(-54.485 -25.600277777)
Phnom Penh International Airport,VDPP,Cambodia,Phnom Penh,Point(104.843888888 11.546388888)
Lome-Tokoin Airport,DXXX,Togo,Maritime,Point(1.254166666 6.165833333)
Bacolod-Silay International Airport,RPVB,Philippines,Silay,Point(123.01528 10.77639)
King Abdulaziz International Airport,OEJN,Saudi Arabia,Mecca Province,Point(39.173027777 21.661694444)
Berlin-Tempelhof Airport,EDDI,Germany,Neukölln,Point(13.401666666 52.473611111)
Lyon-Saint Exupery Airport,LFLL,France,Colombier-Saugnieu,Point(5.081111111 45.725555555)
Batumi International Airport,UGSB,Georgia,Batumi,Point(41.599444444 41.610277777)
Kish International Airport,OIBK,Iran,Kish,Point(53.980211111 26.526155555)
King Abdulaziz International Airport,OEJN,Saudi Arabia,Jeddah,Point(39.173027777 21.661694444)
Licenciado Gustavo Diaz Ordaz International Airport,MMPR,Mexico,Puerto Vallarta,Point(-105.254166666 20.68)
Leeds Bradford Airport,EGNM,United Kingdom,Yeadon,Point(-1.660555555 53.865833333)
Cincinnati/Northern Kentucky International Airport,KCVG,United States of America,Hebron,Point(-84.667777777 39.048888888)
Yaounde Nsimalen International Airport,FKYS,Cameroon,Centre,Point(11.553333 3.7225)
Kalibo International Airport,RPVK,Philippines,Western Visayas,Point(122.37765 11.681337)
Chennai International Airport,VOMM,India,Tirusulam,Point(80.163611111 12.982222222)
Baltimore/Washington International Thurgood Marshall Airport,KBWI,United States of America,Anne Arundel County,Point(-76.6675418 39.1782209)
Catania-Fontanarossa Airport,LICC,Italy,Catania,Point(15.063888888 37.466666666)
Washington Dulles International Airport,KIAD,United States of America,Fairfax County,Point(-77.455833 38.944444)
Hannover Airport,EDDV,Germany,Langenhagen,Point(9.685 52.460833333)
George Bush Intercontinental Airport,KIAH,United States of America,Houston,Point(-95.341388888 29.984444444)
Cancún International Airport,MMUN,Mexico,Cancun,Point(-86.876944 21.036667)
Augusto C. Sandino International Airport,MNMG,Nicaragua,Managua,Point(-86.168055555 12.141388888)
OR Tambo International Airport,FAOR,South Africa,Kempton Park,Point(28.246111 -26.139167)
Budapest Ferenc Liszt International Airport,LHBP,Hungary,Budapest,Point(19.261944444 47.439444444)
Daniel K. Inouye International Airport,PHNL,United States of America,Honolulu,Point(-157.9225 21.318611)
Munich Airport,EDDM,Germany,Hallbergmoos,Point(11.786111111 48.353888888)
Campo Grande International Airport,SBCG,Brazil,Mato Grosso do Sul,Point(-54.670277777 -20.469444444)
Syracuse Hancock International Airport,KSYR,United States of America,New York,Point(-76.106388888 43.111111111)
Maputo International Airport,FQMA,Mozambique,Maputo,Point(32.5725 -25.920833333)
Sheremetyevo International Airport,UUEE,Russia,Moscow Oblast,Point(37.414722222 55.972777777)
Sarajevo International Airport,LQSA,Bosnia and Herzegovina,Ilidža Municipality,Point(18.331388888 43.824722222)
Malabo International Airport,FGSL,Equatorial Guinea,Bioko Norte,Point(8.708611111 3.755)
Ministro Pistarini International Airport,SAEZ,Argentina,Aeropuerto Internacional Ezeiza,Point(-58.53583333 -34.82222222)
"Thessaloniki Airport ""Makedonia""",LGTS,Greece,Mikra Municipal Unit,Point(22.970917 40.519722)
Ingeniero Aeronáutico Ambrosio L.V. Taravella International Airport,SACO,Argentina,Cordoba Province,Point(-64.20833333 -31.31)
La Aurora International Airport,MGGT,Guatemala,Guatemala Department,Point(-90.5275 14.583333333)
Munich Airport,EDDM,Germany,Marzling,Point(11.786111111 48.353888888)
Bremen Airport,EDDW,Germany,Stuhr,Point(8.786666666 53.047333333)
Corfu International Airport,LGKR,Greece,Corfu Prefecture,Point(19.912222 39.601945)
Gdańsk Lech Wałęsa Airport,EPGD,Poland,Gdańsk,Point(18.466111111 54.3775)
Salzburg Airport,LOWS,Austria,Salzburg,Point(13.003333333 47.794444444)
Presidente Carlos Ibáñez del Campo International Airport,SCCI,Chile,Magallanes Province,Point(-70.854444444 -53.0025)
Rajiv Gandhi International Airport,VOHS,India,Shamshabad mandal,Point(78.428055555 17.24)
Deputado Luis Eduardo Magalhães International Airport,SBSV,Brazil,Salvador,Point(-38.3225 -12.90861)
Harry Reid International Airport,KLAS,United States of America,Paradise,Point(-115.150555555 36.085277777)
Nanjing Lukou International Airport,ZSNJ,People's Republic of China,Lukou Subdistrict,Point(118.861944444 31.742222222)
Gimpo International Airport,RKSS,South Korea,Gangseo District,Point(126.7975 37.556944444)
Dubai International Airport,OMDB,United Arab Emirates,Al Garhoud,Point(55.364444444 25.252777777)
urumqi Diwopu International Airport,ZWWW,People's Republic of China,Xinjiang,Point(87.474166666 43.907222222)
Tenerife South Airport,GCTS,Spain,Granadilla de Abona,Point(-16.5725 28.044444444)
Linate Airport,LIML,Italy,Segrate,Point(9.28 45.4609)
Linate Airport,LIML,Italy,Peschiera Borromeo,Point(9.28 45.4609)
Kansai International Airport,RJBB,Japan,Sennan,Point(135.230277777 34.430555555)
Helsinki Airport,EFHK,Finland,Vantaa,Point(24.963333333 60.317222222)
La Aurora International Airport,MGGT,Guatemala,Guatemala City,Point(-90.5275 14.583333333)
Kansai International Airport,RJBB,Japan,Izumisano,Point(135.230277777 34.430555555)
Hurghada International Airport,HEGN,Egypt,Red Sea Governorate,Point(33.799167 27.178056)
Murtala Muhammed International Airport,DNMM,Nigeria,Lagos,Point(3.321111111 6.577222222)
Stockholm Arlanda Airport,ESSA,Sweden,Sigtuna Municipality,Point(17.918611111 59.651944444)
Shenzhen Bao'an International Airport,ZGSZ,People's Republic of China,Bao'an District,Point(113.810833333 22.639444444)
Munich Airport,EDDM,Germany,Oberding,Point(11.786111111 48.353888888)
Netaji Subhas Chandra Bose International Airport,VECC,India,Dum Dum,Point(88.446666666 22.653888888)
Sharm el-Sheikh International Airport,HESH,Egypt,Sharm el-Sheikh,Point(34.394722 27.977222)
Chișinău International Airport,LUKK,Moldova,Chișinău,Point(28.930833333 46.927777777)
Antalya Airport,LTAI,Turkey,Antalya,Point(30.792777777 36.900277777)
Christchurch International Airport,NZCH,New Zealand,Christchurch City,Point(172.532222222 -43.489444444)
EuroAirport Basel-Mulhouse-Freiburg,LFSB,France,Saint-Louis,Point(7.529166666 47.59)
EuroAirport Basel-Mulhouse-Freiburg,LSZM,France,Saint-Louis,Point(7.529166666 47.59)
Taichung Airport,RCMQ,Taiwan,Taichung,Point(120.620833 24.265)
Jomo Kenyatta International Airport,HKJK,Kenya,Nairobi,Point(36.9275 -1.319167)
Belgorod International Airport,UUOB,Russia,Belgorod,Point(36.59 50.643333333)
Graz Airport,LOWG,Austria,Feldkirchen bei Graz,Point(15.439166666 46.993055555)
Denver International Airport,KDEN,United States of America,Denver,Point(-104.673055555 39.861666666)
Aurel Vlaicu International Airport,LRBS,Romania,Bucharest,Point(26.103611111 44.503611111)
Tribhuvan International Airport,VNKT,Nepal,Kathmandu,Point(85.357777777 27.697222222)
İzmir Adnan Menderes Airport,LTBJ,Turkey,Gaziemir,Point(27.155 38.289166666)
Florianopolis International Airport,SBFL,Brazil,Santa Catarina,Point(-48.5525 -27.670277777)
Copenhagen Airport,EKCH,Denmark,Tårnby Municipality,Point(12.656111111 55.618055555)
Florianopolis International Airport,SBFL,Brazil,Florianopolis,Point(-48.5525 -27.670277777)
Vilnius Airport,EYVI,Lithuania,Vilnius,Point(25.287777777 54.636944444)
Pristina International Airport Adem Jashari,BKPR,Kosovo,Pristina,Point(21.035833333 42.572777777)
Washington Dulles International Airport,KIAD,United States of America,Loudoun County,Point(-77.455833 38.944444)
Bozeman Yellowstone International Airport,KBZN,United States of America,Gallatin County,Point(-111.151944444 45.7775)
Murtala Muhammed International Airport,DNMM,Nigeria,Ikeja,Point(3.321111111 6.577222222)
Chongqing Jiangbei International Airport,ZUCK,People's Republic of China,Lianglu Subdistrict,Point(106.641666666 29.719166666)
İzmir Adnan Menderes Airport,LTBJ,Turkey,Menderes,Point(27.155 38.289166666)
Osmani International Airport,VGSY,Bangladesh,Sylhet Division,Point(91.866944444 24.963333333)
Toulouse–Blagnac Airport,LFBO,France,Blagnac,Point(1.367778 43.635)
Shanghai Hongqiao International Airport,ZSSS,People's Republic of China,Changning District,Point(121.336389 31.198056)
Warsaw Chopin Airport,EPWA,Poland,"Okęcie, Warsaw",Point(20.967222222 52.165833333)
Jeju International Airport,RKPC,South Korea,Jeju Province,Point(126.492777777 33.512222222)
Erbil International Airport,ORER,Iraq,Iraqi Kurdistan,Point(43.963056 36.2375)
Kansai International Airport,RJBB,Japan,Tajiri,Point(135.230277777 34.430555555)
Erbil International Airport,ORER,Iraq,Erbil Governorate,Point(43.963056 36.2375)
Tenerife North Airport,GCXO,Spain,San Cristobal de La Laguna,Point(-16.345913888 28.488047222)
Adolfo Suarez Madrid-Barajas Airport,LEMD,Spain,Barajas,Point(-3.560833333 40.472222222)
Dresden Airport,EDDC,Germany,Klotzsche,Point(13.768 51.134344444)
Hartsfield–Jackson Atlanta International Airport,KATL,United States of America,Georgia,Point(-84.428055555 33.636666666)
Hat Yai International Airport,VTSS,Thailand,Khlong La,Point(100.392777777 6.933055555)
Bremen Airport,EDDW,Germany,Neustadt,Point(8.786666666 53.047333333)
Darwin International Airport,YPDN,Australia,Eaton,Point(130.876666666 -12.414722222)
Damascus International Airport,OSDI,Syria,Damascus,Point(36.515558333 33.411522222)
Ciampino–G.B. Pastine International Airport,LIRA,Italy,Ciampino,Point(12.597222222 41.799444444)
Sangster International Airport,MKJS,Jamaica,Montego Bay,Point(-77.913333 18.503611)
Milan–Malpensa Airport,LIMC,Italy,Somma Lombardo,Point(8.723055555 45.63)
Geneva International Airport,LSGG,Switzerland,Meyrin,Point(6.10921 46.23756)
Oulu Airport,EFOU,Finland,Oulu,Point(25.355555555 64.929166666)
Munich Airport,EDDM,Germany,Freising,Point(11.786111111 48.353888888)
Piedmont Triad International Airport,KGSO,United States of America,North Carolina,Point(-79.937222222 36.097777777)
Francisco Sarabia International Airport,MMTC,Mexico,Coahuila,Point(-103.410555555 25.568055555)
LA/Ontario International Airport,KONT,United States of America,California,Point(-117.601111111 34.056111111)
Lisbon Airport,LPPT,Portugal,Santa Maria dos Olivais,Point(-9.134167 38.774167)
Henri Coandă International Airport,LROP,Romania,Otopeni,Point(26.085 44.571111111)
Dalian Zhoushuizi International Airport,ZYTL,People's Republic of China,Dalian,Point(121.538333333 38.965555555)
General Rodolfo Sánchez Taboada International Airport,MMML,Mexico,Baja California,Point(-115.241388888 32.630555555)
Lic. Jesús Terán Peredo International Airport,MMAS,Mexico,Aguascalientes,Point(-102.3145774 21.7011198)
Greater Natal International Airport,SBSG,Brazil,São Gonçalo do Amarante,Point(-35.36639 -5.76889)
Amsterdam Airport Schiphol,EHAM,Netherlands,Haarlemmermeer,Point(4.764169444 52.3081)
Gulfport-Biloxi International Airport,KGPT,United States of America,Mississippi,Point(-89.07 30.407222222)
Hefei Luogang International Airport,ZSOF,People's Republic of China,Baohe District,Point(117.298333333 31.78)
Cap. FAP Jose A. Quiñones Gonzáles International Airport,SPHI,Peru,Chiclayo,Point(-79.828055555 -6.787222222)
Lokpriya Gopinath Bordoloi International Airport,VEGT,India,Guwahati,Point(91.585833333 26.106111111)
Marechal Cunha Machado International Airport,SBSL,Brazil,Maranhão,Point(-44.236111111 -2.586944444)
Rogue Valley International-Medford Airport,KMFR,United States of America,Jackson County,Point(-122.873611111 42.374166666)
Sohag International Airport,HEMK,Egypt,Sohag Governorate,Point(31.739330555 26.339919444)
Ixtapa-Zihuatanejo International Airport,MMZH,Mexico,Zihuatanejo,Point(-101.460277777 17.601388888)
V. C. Bird International Airport,TAPA,Antigua and Barbuda,Saint John's,Point(-61.793055555 17.136666666)
Pulkovo Airport,ULLI,Russia,Saint Petersburg,Point(30.2625 59.800277777)
Lanzhou Zhongchuan International Airport,ZLLL,People's Republic of China,Lanzhou,Point(103.619444444 36.5075)
Platov International Airport,URRP,Russia,Aksaysky District,Point(39.92397222 47.47155556)
Presidente Peron International Airport,SAZN,Argentina,Neuquen Province,Point(-68.15583333 -38.94888889)
Ellison Onizuka Kona International Airport,PHKO,United States of America,Kalaoa,Point(-156.045555555 19.738888888)
Greater Moncton International Airport,CYQM,Canada,New Brunswick,Point(-64.6786 46.1122)
Fort Wayne International Airport,KFWA,United States of America,Indiana,Point(-85.195277777 40.978333333)
Richmond International Airport,KRIC,United States of America,Virginia,Point(-77.3194 37.505)
Presidente Peron International Airport,SAZN,Argentina,Neuquen Province,Point(-68.14057 -38.95137)
Gatwick Airport,EGKK,United Kingdom,Crawley,Point(-0.190277777 51.147222222)
Juneau International Airport,PAJN,United States of America,Juneau,Point(-134.576388888 58.355)
Guangzhou Baiyun International Airport,ZGGG,People's Republic of China,Guangzhou,Point(113.298786111 23.392436111)
Shahjalal International Airport,VGHS,Bangladesh,Dhaka,Point(90.4005 23.845)
Aristides Pereira International Airport,GVBA,Cape Verde,Boa Vista,Point(-22.888611111 16.137222222)
Rick Husband Amarillo International Airport,KAMA,United States of America,Texas,Point(-101.705833333 35.219444444)
Ningbo Lishe International Airport,ZSNB,People's Republic of China,Haishu District,Point(121.461944444 29.826666666)
Lanseria International Airport,FALA,South Africa,Gauteng,Point(27.926111 -25.938611)
Hohhot Baita International Airport,ZBHH,People's Republic of China,Inner Mongolia,Point(111.824102777 40.851422222)
Raleigh–Durham International Airport,KRDU,United States of America,Cedar Fork Township,Point(-78.7875 35.877777777)
Hong Kong International Airport,VHHH,People's Republic of China,Hong Kong,Point(113.914444 22.308889)
Shijiazhuang Zhengding International Airport,ZBSJ,People's Republic of China,Hebei,Point(114.696666666 38.280833333)
Voronezh International Airport,UUOO,Russia,Voronezh,Point(39.23 51.815)
Brussels South Charleroi Airport,EBCI,Belgium,Charleroi,Point(4.45382 50.4592)
Augusto Severo International Airport,SBNT,Brazil,Parnamirim,Point(-35.249166666 -5.908333333)
Kalamazoo/Battle Creek International Airport,KAZO,United States of America,Michigan,Point(-85.551944444 42.235)
Daytona Beach International Airport,KDAB,United States of America,Florida,Point(-81.060555555 29.184722222)
Norfolk International Airport,KORF,United States of America,Virginia,Point(-76.2011 36.8947)
Calgary International Airport,CYYC,Canada,Calgary,Point(-114.020278 51.113889)
Puerto Escondido International Airport,MMPS,Mexico,Oaxaca State,Point(-97.088888888 15.876666666)
Greenville-Spartanburg International Airport,KGSP,United States of America,South Carolina,Point(-82.218888888 34.895555555)
Midland International Airport,KMAF,United States of America,Texas,Point(-102.201944444 31.9425)
Singapore Changi Airport,WSSS,Singapore,Changi,Point(103.989444 1.359167)
FAP Captain David Abensur Rengifo International Airport,SPCL,Peru,Pucallpa,Point(-74.574166666 -8.377777777)
Bellingham International Airport,KBLI,United States of America,Washington,Point(-122.537 48.7925)
General Enrique Mosconi International Airport,SAVC,Argentina,Chubut Province,Point(-67.46555556 -45.78527778)
Husein Sastranegara International Airport,WICC,Indonesia,Bandung,Point(107.576388888 -6.900555555)
Albuquerque International Sunport,KABQ,United States of America,New Mexico,Point(-106.609167 35.040278)
London Luton Airport,EGGW,United Kingdom,Luton,Point(-0.368333 51.874722)
Josep Tarradellas Airport Barcelona-El Prat,LEBL,Spain,El Prat de Llobregat,Point(2.078333 41.296944)
Valencia Airport,LEVC,Spain,Manises,Point(-0.481666666 39.489444444)
Rovaniemi Airport,EFRO,Finland,Rovaniemi,Point(25.830833333 66.561666666)
Macapá International Airport,SBMQ,Brazil,Amapá,Point(-51.07028 0.05083)
Kualanamu International Airport,WIMM,Indonesia,Deli Serdang,Point(98.877969444 3.641744444)
Ninoy Aquino International Airport,RPLL,Philippines,Parañaque,Point(121.019444 14.508611)
Martinique Aime Cesaire International Airport,TFFF,France,Le Lamentin,Point(-60.996388888 14.592222222)
General Francisco Javier Mina International Airport,MMTM,Mexico,Tampico,Point(-97.865833333 22.296388888)
Kutaisi International Airport,UGKO,Georgia,Georgia,Point(42.4825 42.176388888)
Pensacola International Airport,KPNS,United States of America,Florida,Point(-87.1866 30.4734)
Taiyuan Wusu International Airport,ZBYN,People's Republic of China,Taiyuan,Point(112.628333333 37.746944444)
Bahias de Huatulco International Airport,MMBT,Mexico,Oaxaca State,Point(-96.2625 15.775277777)
Guangzhou Baiyun International Airport,ZGGG,People's Republic of China,Baiyun District,Point(113.26805556 23.18722222)
Achmad Yani International Airport,WARS,Indonesia,Semarang,Point(110.374166666 -6.971388888)
Yinchuan Hedong International Airport,ZLIC,People's Republic of China,Ningxia,Point(106.3925 38.321666666)
Ellinikon International Airport,LGAT,Greece,Elliniko,Point(23.72947 37.898433)
John C. Munro Hamilton International Airport,CYHM,Canada,Ontario,Point(-79.935 43.173611111)
Cozumel International Airport,MMCZ,Mexico,Quintana Roo,Point(-86.928888888 20.515)
Brussels South Charleroi Airport,EBCI,Belgium,Charleroi,Point(4.465158 50.46409)
Istanbul Airport,LTFM,Turkey,Arnavutköy,Point(28.742222222 41.260833333)
Nantes Atlantique Airport,LFRS,France,Bouguenais,Point(-1.607777777 47.156944444)
Calgary International Airport,CYYC,Canada,Alberta,Point(-114.020278 51.113889)
Winnipeg James Armstrong Richardson International Airport,CYWG,Canada,Manitoba,Point(-97.24 49.91)
George Best Belfast City Airport,EGAC,United Kingdom,Port of Belfast,Point(-5.871233 54.615486)
Al Najaf International Airport,ORNI,Iraq,Najaf Governorate,Point(44.404316666 31.989852777)
Paris-Charles de Gaulle Airport,LFPG,France,Le Mesnil-Amelot,Point(2.547777777 49.009722222)
Region de Murcia International Airport,LEMI,Spain,Corvera,Point(-1.124111111 37.803638888)
Samarinda International Airport,WALS,Indonesia,North Samarinda,Point(117.254166666 -0.376388888)
Presidente Castro Pinto International Airport,SBJP,Brazil,Bayeux,Point(-34.948611111 -7.145833333)
Klagenfurt Airport,LOWK,Austria,Klagenfurt,Point(14.337222222 46.642777777)
Adelaide Airport,YPAD,Australia,South Australia,Point(138.530555555 -34.945)
Tuzla International Airport,LQTZ,Bosnia and Herzegovina,Bosnia and Herzegovina,Point(18.724722222 44.458611111)
Enrique Olaya Herrera Airport,SKMD,Colombia,Medellin,Point(-75.590277777 6.219722222)
FAP Captain David Abensur Rengifo International Airport,SPCL,Peru,Pucallpa,Point(-74.5743 -8.37794)
Paris-Charles de Gaulle Airport,LFPG,France,Mauregard,Point(2.547777777 49.009722222)
Laguindingan Airport,RPMY,Philippines,Laguindingan,Point(124.457222222 8.6125)
Wenzhou Longwan International Airport,ZSWZ,People's Republic of China,Wenzhou,Point(120.851944444 27.911944444)
Brisbane Airport,YBBN,Australia,Queensland,Point(153.118333333 -27.383333333)
John F. Kennedy International Airport,KJFK,United States of America,Queens,Point(-73.78 40.64)
Paris-Charles de Gaulle Airport,LFPG,France,Mitry-Mory,Point(2.547777777 49.009722222)
Hong Kong International Airport,VHHH,People's Republic of China,Islands District,Point(113.914444 22.308889)
Lehigh Valley International Airport,KABE,United States of America,Hanover Township,Point(-75.43554 40.65253)
Roshchino International Airport,USTR,Russia,Tyumen,Point(65.316666666 57.168333333)
Fresno Yosemite International Airport,KFAT,United States of America,California,Point(-119.718961111 36.770930555)
Glasgow Airport,EGPF,United Kingdom,Renfrewshire,Point(-4.433055555 55.871944444)
Winnipeg James Armstrong Richardson International Airport,CYWG,Canada,Winnipeg,Point(-97.24 49.91)
Vladivostok International Airport,UHWW,Russia,Primorsky Krai,Point(132.151388888 43.399166666)
Ellinikon International Airport,LGAT,Greece,South Athens Regional Unit,Point(23.72947 37.898433)
Burlington International Airport,KBTV,United States of America,Burlington,Point(-73.153333333 44.471944444)
Greater Rochester International Airport,KROC,United States of America,Rochester,Point(-77.6725 43.118888888)
Marseille Provence Airport,LFML,France,Marignane,Point(5.215 43.436666666)
Belfast International Airport,EGAA,United Kingdom,Aldergrove,Point(-6.215833 54.6575)
General Guadalupe Victoria International Airport,MMDO,Mexico,Durango,Point(-104.527777777 24.124166666)
Newport News/Williamsburg International Airport,KPHF,United States of America,Virginia,Point(-76.4931 37.1319)
Cam Ranh International Airport,VVCR,Vietnam,South Central Coast,Point(109.219444444 11.998055555)
Ángel Albino Corzo International Airport,MMTG,Mexico,Chiapa de Corzo,Point(-93.0225 16.563611111)
Narita International Airport,RJAA,Japan,Narita,Point(140.38845 35.7649)
Paris-Charles de Gaulle Airport,LFPG,France,Tremblay-en-France,Point(2.547777777 49.009722222)
Senai International Airport,WMKJ,Malaysia,Senai,Point(103.668611111 1.642777777)
Berlin Schönefeld Airport,EDDB,Germany,Schönefeld,Point(13.520556 52.378611)
Berlin Schönefeld Airport,ETBS,Germany,Schönefeld,Point(13.520556 52.378611)
Iloilo International Airport,RPVI,Philippines,Central Visayas,Point(122.543612 10.714722)
Changchun Longjia International Airport,ZYCC,People's Republic of China,Changchun,Point(125.685277777 43.996111111)
Enrique Olaya Herrera Airport,SKMD,Colombia,Antioquia Department,Point(-75.590277777 6.219722222)
Paris-Charles de Gaulle Airport,LFPG,France,epiais-lès-Louvres,Point(2.547777777 49.009722222)
Manchester Airport,EGCC,United Kingdom,Ringway,Point(-2.275 53.353889)
Addis Ababa Bole International Airport,HAAB,Ethiopia,Bole Medhanealem,Point(38.799444444 8.977777777)
Seattle–Tacoma International Airport,KSEA,United States of America,SeaTac,Point(-122.309444 47.448889)
Tallahassee International Airport,KTLH,United States of America,Florida,Point(-84.350277777 30.396666666)
Shanghai Pudong International Airport,ZSPD,People's Republic of China,Pudong,Point(121.805278 31.143333)
Bandar Abbas International Airport,OIKB,Iran,Bandar Abbas,Point(56.377777777 27.218055555)
East Midlands Airport,EGNX,United Kingdom,Leicestershire,Point(-1.328055555 52.831111111)
General Heriberto Jara International Airport,MMVR,Mexico,Veracruz,Point(-96.187222222 19.145833333)
V. C. Bird International Airport,TAPA,Antigua and Barbuda,Saint John's,Point(-61.79277778 17.13666667)
Tuzla International Airport,LQTZ,Bosnia and Herzegovina,Bosnia and Herzegovina,Point(18.724813 44.458637)
Palonegro International Airport,SKBG,Colombia,Santander Department,Point(-73.184722222 7.126388888)
Qingdao Jiaodong International Airport,ZSQD,People's Republic of China,Jiaozhou City,Point(120.059 36.3483)
Ninoy Aquino International Airport,RPLL,Philippines,Pasay,Point(121.019444 14.508611)
Kazan International Airport,UWKD,Russia,,Point(49.281666666 55.606666666)
Krasnodar International Airport,URKK,Russia,Krasnodar,Point(39.170555555 45.034722222)
Iloilo International Airport,RPVI,Philippines,Central Visayas,Point(122.493055555 10.8325)
Northwest Florida Beaches International Airport,KECP,United States of America,Florida,Point(-85.7956 30.3583)
Yantai Penglai International Airport,ZSYT,People's Republic of China,Penglai District,Point(120.97857 37.66009)
Harbin Taiping International Airport,ZYHB,People's Republic of China,Heilongjiang,Point(126.250327777 45.623402777)
Berlin-Tegel Airport,EDDT,Germany,Reinickendorf,Point(13.287778 52.559722)
Leonardo da Vinci–Fiumicino Airport,LIRF,Italy,Fiumicino,Point(12.238888888 41.800277777)
Harrisburg International Airport,KMDT,United States of America,Pennsylvania,Point(-76.763333333 40.193055555)
Changchun Longjia International Airport,ZYCC,People's Republic of China,Changchun,Point(125.20088 43.90568)
El Paso International Airport,KELP,United States of America,Texas,Point(-106.3775 31.807222222)
Paris-Charles de Gaulle Airport,LFPG,France,Roissy-en-France,Point(2.547777777 49.009722222)
Mudanjiang Hailang International Airport,ZYMD,People's Republic of China,Heilongjiang,Point(129.568888888 44.524166666)
Mohamed Boudiaf International Airport,DABC,Algeria,Constantine Province,Point(6.617056 36.282417)
Glacier Park International Airport,KGPI,United States of America,Montana,Point(-114.256111111 48.310555555)
Chengdu Tianfu International Airport,ZUTF,People's Republic of China,Lujia,Point(104.445 30.319)
Volgograd International Airport,URWW,Russia,Volgograd,Point(44.346666666 48.781666666)
Zhukovsky International Airport,UUBW,Russia,Zhukovsky Urban Okrug,Point(38.151666666 55.553333333)
